r,b,swpd,livre,buff,cache,si,so,bi,bo,in,cs,us,sy,id,wa,st,time
1,2,0,5096592,110012,1313768,0,0,433,103,120,383,3,1,86,9,0,21:19:04 2019-05-28
2,2,0,5019608,110028,1351824,0,0,33644,0,1526,2366,48,2,25,24,0,21:19:05 2019-05-28
3,2,0,4942152,110028,1398780,0,0,37428,0,1151,2079,51,1,27,21,0,21:19:06 2019-05-28
1,3,0,4867144,110028,1446980,0,0,38616,0,1143,2043,50,1,27,21,0,21:19:07 2019-05-28
6,0,0,4791516,110032,1493612,0,0,36040,0,1182,1493,53,1,20,25,0,21:19:08 2019-05-28
3,1,0,4721592,110044,1537256,0,0,36368,64,1134,1096,50,2,21,27,0,21:19:09 2019-05-28
1,0,0,4676252,110044,1580060,0,0,22516,0,750,1922,26,1,68,5,0,21:19:10 2019-05-28
1,0,0,4632880,110044,1623164,0,0,21004,0,664,2020,23,1,74,3,0,21:19:11 2019-05-28
2,0,0,4589508,110044,1666484,0,0,21168,0,683,2013,23,1,74,2,0,21:19:12 2019-05-28
0,1,0,4546880,110044,1708796,0,0,21364,0,660,2037,22,1,74,3,0,21:19:13 2019-05-28
1,0,0,4504748,110052,1750328,0,0,20240,20,635,1263,22,1,73,4,0,21:19:14 2019-05-28
2,0,0,4461500,110052,1793204,0,0,20900,0,684,1788,22,2,73,3,0,21:19:15 2019-05-28
1,0,0,4423972,110068,1830664,0,0,18464,92,623,1555,21,1,73,6,0,21:19:16 2019-05-28
0,1,0,4381096,110068,1873288,0,0,21360,0,669,1475,22,1,74,3,0,21:19:17 2019-05-28
1,0,0,4339956,110068,1915760,0,0,20240,0,666,1949,22,1,74,3,0,21:19:18 2019-05-28
1,0,0,4297204,110068,1957660,0,0,20900,0,672,1379,22,1,74,3,0,21:19:19 2019-05-28
0,1,0,4261412,110068,1992116,0,0,17508,4240,629,1487,18,1,74,7,0,21:19:20 2019-05-28
0,1,0,4220148,110076,2033456,0,0,20268,36,651,1443,21,1,73,5,0,21:19:21 2019-05-28
1,0,0,4176528,110076,2076652,0,0,21164,0,720,1797,23,1,73,2,0,21:19:22 2019-05-28
1,0,0,4134784,110076,2118152,0,0,20240,0,663,1781,23,1,74,3,0,21:19:23 2019-05-28
1,0,0,4094636,110076,2158000,0,0,19860,0,667,1911,21,0,74,4,0,21:19:24 2019-05-28
1,2,0,4060232,110104,2192728,0,0,16716,167936,627,1918,18,1,72,9,0,21:19:25 2019-05-28
1,2,0,4049544,110112,2203048,0,0,5064,18492,374,1536,6,0,62,32,0,21:19:26 2019-05-28
0,3,0,4036740,110116,2216052,0,0,6704,63488,424,2366,8,1,64,28,0,21:19:27 2019-05-28
1,2,0,4024400,110120,2228108,0,0,5672,32768,413,1968,7,1,50,43,0,21:19:28 2019-05-28
1,2,0,4011720,110120,2240808,0,0,6368,32768,391,2425,7,1,50,43,0,21:19:29 2019-05-28
1,2,0,3998900,110124,2253272,0,0,6136,59392,409,2466,7,1,67,26,0,21:19:30 2019-05-28
0,2,0,3986300,110124,2265764,0,0,6152,17408,391,1717,6,1,72,22,0,21:19:31 2019-05-28
1,1,0,3973096,110124,2278784,0,0,6652,0,425,2354,8,1,69,23,0,21:19:32 2019-05-28
0,2,0,3958752,110124,2293444,0,0,7308,0,444,2719,8,0,71,20,0,21:19:33 2019-05-28
1,0,0,3942168,110136,2309792,0,0,7872,52,432,1700,8,1,73,18,0,21:19:34 2019-05-28
1,0,0,3898704,110136,2352892,0,0,21012,0,684,1864,22,1,74,3,0,21:19:35 2019-05-28
1,0,0,3855068,110136,2396080,0,0,21156,0,674,1529,23,1,74,2,0,21:19:36 2019-05-28
0,1,0,3812456,110136,2438708,0,0,21368,0,663,1610,22,2,74,3,0,21:19:37 2019-05-28
1,0,0,3771068,110136,2480048,0,0,20240,0,644,1538,21,1,74,4,0,21:19:38 2019-05-28
1,0,0,3729432,110144,2521400,0,0,20240,20,682,1858,23,1,73,4,0,21:19:39 2019-05-28
1,0,0,3685440,110144,2565200,0,0,21624,0,684,1995,22,1,74,3,0,21:19:40 2019-05-28
1,0,0,3642192,110144,2608440,0,0,21108,0,740,1381,24,2,72,3,0,21:19:41 2019-05-28
0,1,0,3600028,110144,2650556,0,0,21004,0,655,1386,22,0,74,3,0,21:19:42 2019-05-28
1,0,0,3558052,110144,2692404,0,0,20780,0,646,1541,22,1,74,3,0,21:19:43 2019-05-28
1,0,0,3516928,110152,2733208,0,0,19700,20,649,2016,21,1,73,5,0,21:19:44 2019-05-28
1,0,0,3474424,110152,2775368,0,0,21168,0,663,1926,22,1,74,3,0,21:19:45 2019-05-28
2,0,0,3433160,110152,2816460,0,0,19856,0,655,1848,22,1,74,4,0,21:19:46 2019-05-28
0,1,0,3389168,110152,2860368,0,0,21748,0,667,1876,23,1,74,2,0,21:19:47 2019-05-28
1,0,0,3347036,110152,2902220,0,0,20900,0,699,1970,22,1,74,3,0,21:19:48 2019-05-28
1,0,0,3306252,110160,2943076,0,0,19584,20,635,1688,22,1,73,5,0,21:19:49 2019-05-28
1,0,0,3263764,110160,2985072,0,0,20908,0,662,1884,22,1,74,3,0,21:19:50 2019-05-28
1,0,0,3222004,110160,3026412,0,0,20232,196,701,1969,21,0,74,4,0,21:19:51 2019-05-28
0,1,0,3182320,110160,3066048,0,0,19580,0,658,1899,21,1,74,4,0,21:19:52 2019-05-28
1,0,0,3140188,110160,3107892,0,0,20908,0,670,1850,23,1,74,3,0,21:19:53 2019-05-28
1,0,0,3098724,110168,3149388,0,0,20244,36,640,1435,22,1,73,5,0,21:19:54 2019-05-28
1,0,0,3055104,110168,3192520,0,0,20956,0,679,1427,22,1,74,3,0,21:19:55 2019-05-28
1,0,0,3013064,110168,3234224,0,0,20620,0,668,1938,22,1,74,3,0,21:19:56 2019-05-28
1,0,0,2970964,110168,3276060,0,0,20728,0,664,1652,22,1,74,3,0,21:19:57 2019-05-28
1,0,0,2927468,110168,3319200,0,0,21012,0,662,1289,22,1,74,3,0,21:19:58 2019-05-28
0,1,0,2886576,110176,3360012,0,0,20772,20,640,1572,22,1,74,4,0,21:19:59 2019-05-28
1,0,0,2843808,110176,3402644,0,0,20624,0,691,1897,22,1,74,3,0,21:20:00 2019-05-28
1,0,0,2802452,110176,3444164,0,0,20244,0,648,1888,22,1,74,4,0,21:20:01 2019-05-28
0,2,0,2790840,110184,3455076,0,0,5628,203776,379,1534,6,1,56,37,0,21:20:02 2019-05-28
1,1,0,2779008,110184,3466536,0,0,5188,32768,388,1086,6,1,60,33,0,21:20:03 2019-05-28
0,3,0,2767616,110188,3478048,0,0,6164,40996,399,1175,6,1,68,25,0,21:20:04 2019-05-28
0,3,0,2755184,110192,3490176,0,0,5780,57344,432,2304,6,1,66,27,0,21:20:05 2019-05-28
1,2,0,2743124,110192,3501916,0,0,5444,32768,435,2414,7,1,51,42,0,21:20:06 2019-05-28
1,3,0,2729668,110192,3515380,0,0,7100,65536,508,1962,8,1,52,40,0,21:20:07 2019-05-28
1,2,0,2718044,110196,3527600,0,0,5884,32768,433,2670,7,1,71,22,0,21:20:08 2019-05-28
0,3,0,2703272,110196,3542128,0,0,7136,32768,420,1396,8,1,56,36,0,21:20:09 2019-05-28
0,3,0,2690220,110196,3554904,0,0,6436,65536,459,2933,7,1,68,25,0,21:20:10 2019-05-28
0,3,0,2678052,110200,3567080,0,0,5852,32768,411,2606,7,1,71,22,0,21:20:11 2019-05-28
0,2,0,2666520,110200,3578248,0,0,5880,51200,417,2215,6,0,71,22,0,21:20:12 2019-05-28
0,2,0,2654060,110200,3590744,0,0,6160,0,373,2176,7,0,71,22,0,21:20:13 2019-05-28
1,1,0,2641788,110200,3603096,0,0,6160,0,399,1894,7,0,70,23,0,21:20:14 2019-05-28
0,2,0,2627984,110200,3616920,0,0,6308,0,383,1822,7,0,72,21,0,21:20:15 2019-05-28
1,0,0,2596396,110212,3648416,0,0,15720,48,624,2156,17,1,73,10,0,21:20:16 2019-05-28
1,0,0,2553428,110212,3691236,0,0,20624,0,646,1098,22,1,74,3,0,21:20:17 2019-05-28
0,1,0,2510520,110212,3733820,0,0,21368,0,684,1902,22,1,74,3,0,21:20:18 2019-05-28
1,0,0,2473024,110212,3774976,0,0,20240,0,658,1702,22,1,76,2,0,21:20:19 2019-05-28
1,0,0,2430396,110212,3816464,0,0,20240,0,679,1951,22,1,74,3,0,21:20:20 2019-05-28
1,0,0,2388016,110220,3858408,0,0,20900,20,658,1612,22,1,74,4,0,21:20:21 2019-05-28
1,0,0,2346644,110220,3898112,0,0,19584,0,686,1989,22,0,74,3,0,21:20:22 2019-05-28
2,1,0,2280160,110220,3963656,0,0,12980,132,584,2094,24,1,69,7,0,21:20:23 2019-05-28
3,0,0,2232896,110220,4010944,0,0,34712,0,1096,988,49,1,36,15,0,21:20:24 2019-05-28
1,0,0,2187012,110220,4056420,0,0,31572,0,994,1859,42,0,43,15,0,21:20:25 2019-05-28
1,0,0,2144648,110228,4098256,0,0,20788,36,671,1932,22,1,74,3,0,21:20:26 2019-05-28
1,0,0,2103432,110228,4139592,0,0,20244,0,648,2070,22,0,74,3,0,21:20:27 2019-05-28
1,1,0,2063284,110228,4179432,0,0,19700,48,653,1526,21,1,74,4,0,21:20:28 2019-05-28
1,0,0,2021012,110228,4221332,0,0,20784,0,682,1599,22,1,74,3,0,21:20:29 2019-05-28
1,0,0,1979392,110228,4262656,0,0,20236,0,655,1534,22,1,74,3,0,21:20:30 2019-05-28
1,0,0,1939368,110236,4302412,0,0,19712,20,615,1494,21,1,73,6,0,21:20:31 2019-05-28
1,0,0,1897112,110236,4344300,0,0,20772,0,636,1515,22,0,75,3,0,21:20:32 2019-05-28
1,0,0,1855600,110236,4385608,0,0,20244,0,644,1334,22,1,74,3,0,21:20:33 2019-05-28
1,0,0,1812600,110236,4428256,0,0,20620,0,656,1383,22,1,74,3,0,21:20:34 2019-05-28
1,0,0,1770732,110236,4470372,0,0,20932,0,641,1298,22,1,75,3,0,21:20:35 2019-05-28
1,0,0,1729220,110244,4511796,0,0,20244,20,659,1478,22,1,74,4,0,21:20:36 2019-05-28
1,0,0,1687056,110244,4553572,0,0,20672,0,653,1129,22,1,75,3,0,21:20:37 2019-05-28
1,0,0,1644956,110244,4595584,0,0,20908,0,668,1366,23,1,74,3,0,21:20:38 2019-05-28
1,0,0,1603444,110244,4636932,0,0,20240,0,640,1640,22,1,74,3,0,21:20:39 2019-05-28
1,0,0,1560320,110244,4680016,0,0,20960,0,689,1645,23,1,74,2,0,21:20:40 2019-05-28
1,0,0,1520064,110252,4719832,0,0,20032,20,721,1254,24,1,71,4,0,21:20:41 2019-05-28
1,0,0,1478428,110252,4761664,0,0,20444,0,652,1851,22,1,75,3,0,21:20:42 2019-05-28
0,2,0,1453016,110256,4786640,0,0,12300,77828,521,1783,14,1,64,23,0,21:20:43 2019-05-28
1,1,0,1441688,110256,4797360,0,0,5444,124928,392,1568,7,1,70,22,0,21:20:44 2019-05-28
0,2,0,1429364,110260,4809452,0,0,5752,75776,381,1293,6,1,70,23,0,21:20:45 2019-05-28
0,3,0,1420884,110264,4817476,0,0,3988,38976,351,1287,5,0,65,29,0,21:20:46 2019-05-28
0,3,0,1408188,110268,4830136,0,0,6140,24576,400,2021,7,1,59,34,0,21:20:47 2019-05-28
0,3,0,1395540,110268,4842528,0,0,6152,65536,404,1887,7,1,72,20,0,21:20:48 2019-05-28
1,3,0,1383124,110268,4854976,0,0,6040,32768,414,2309,7,1,72,21,0,21:20:49 2019-05-28
0,3,0,1371824,110272,4865852,0,0,5676,57344,409,2011,6,1,63,30,0,21:20:50 2019-05-28
0,3,0,1359484,110272,4878112,0,0,5820,32768,388,1739,7,0,67,26,0,21:20:51 2019-05-28
1,2,0,1347316,110276,4890320,0,0,5988,63488,425,2331,7,1,71,21,0,21:20:52 2019-05-28
0,3,0,1333644,110276,4903468,0,0,6852,34816,409,2200,7,0,71,22,0,21:20:53 2019-05-28
1,1,0,1322268,110276,4914988,0,0,5060,26756,433,2678,6,1,69,24,0,21:20:54 2019-05-28
0,2,0,1309388,110276,4927992,0,0,6644,0,427,2165,7,1,69,23,0,21:20:55 2019-05-28
1,1,0,1296808,110276,4940712,0,0,6364,0,422,2770,7,0,68,25,0,21:20:56 2019-05-28
0,2,0,1284380,110276,4953016,0,0,6004,0,405,2398,7,0,70,23,0,21:20:57 2019-05-28
1,0,0,1248716,110288,4988076,0,0,17120,60,634,1144,19,1,71,9,0,21:20:58 2019-05-28
1,0,0,1207204,110288,5029400,0,0,20248,0,662,1907,22,1,74,3,0,21:20:59 2019-05-28
1,0,0,1165320,110288,5071148,0,0,20620,0,654,1539,22,1,74,3,0,21:21:00 2019-05-28
1,0,0,1123576,110288,5112840,0,0,20728,0,659,1364,22,1,73,3,0,21:21:01 2019-05-28
1,0,0,1079940,110288,5156096,0,0,20996,0,649,1597,23,1,74,2,0,21:21:02 2019-05-28
1,0,0,1039404,110296,5196424,0,0,20248,52,630,1341,22,1,74,4,0,21:21:03 2019-05-28
1,0,0,998636,110296,5237004,0,0,19480,76,681,1948,22,1,74,4,0,21:21:04 2019-05-28
1,0,0,958040,110296,5277288,0,0,20240,0,638,1506,22,0,73,4,0,21:21:05 2019-05-28
0,1,0,915908,110296,5319388,0,0,20996,0,638,1351,22,1,74,3,0,21:21:06 2019-05-28
1,0,0,874024,110296,5362284,0,0,20788,0,695,1410,23,1,73,2,0,21:21:07 2019-05-28
1,0,0,833720,110304,5402108,0,0,19676,20,639,1573,22,1,73,6,0,21:21:08 2019-05-28
1,0,0,791464,110304,5443976,0,0,20808,0,665,1748,22,2,73,3,0,21:21:09 2019-05-28
2,0,0,749844,110304,5485312,0,0,20244,0,682,1899,22,1,74,3,0,21:21:10 2019-05-28
1,0,0,706968,110304,5528060,0,0,20620,0,655,1742,23,1,74,3,0,21:21:11 2019-05-28
1,0,0,665332,110304,5569456,0,0,20248,0,643,1638,22,0,74,3,0,21:21:12 2019-05-28
1,0,0,624068,110312,5610412,0,0,20924,20,643,1685,22,1,74,4,0,21:21:13 2019-05-28
1,0,0,580820,110312,5653248,0,0,20676,0,637,1382,22,1,75,3,0,21:21:14 2019-05-28
1,0,0,538936,110312,5695144,0,0,20908,0,633,1310,22,1,74,3,0,21:21:15 2019-05-28
1,0,0,521232,110312,5736488,0,0,20240,0,798,1540,25,1,72,3,0,21:21:16 2019-05-28
1,0,0,479116,110312,5778648,0,0,20952,0,650,1256,23,1,74,3,0,21:21:17 2019-05-28
1,0,0,437604,110320,5820000,0,0,20248,24,669,2006,22,0,74,4,0,21:21:18 2019-05-28
1,0,0,394480,110320,5863132,0,0,21108,0,652,1568,23,0,74,2,0,21:21:19 2019-05-28
1,0,0,352844,110320,5904612,0,0,20240,0,670,1745,21,1,74,4,0,21:21:20 2019-05-28
1,0,0,310960,110320,5946692,0,0,21012,0,632,1522,22,1,75,3,0,21:21:21 2019-05-28
1,0,0,268828,110320,5988604,0,0,20772,0,702,1676,22,1,73,3,0,21:21:22 2019-05-28
1,0,0,229068,110328,6028344,0,0,19708,20,613,1378,21,1,74,5,0,21:21:23 2019-05-28
1,0,0,186564,110328,6070712,0,0,20236,0,646,1861,22,1,74,3,0,21:21:24 2019-05-28
1,1,0,170708,110336,6085936,0,0,7784,202876,417,1133,8,2,58,32,0,21:21:25 2019-05-28
0,2,0,158028,110336,6098060,0,0,6024,32768,418,1636,7,1,56,36,0,21:21:26 2019-05-28
1,1,0,145004,110336,6111068,0,0,6432,32768,377,976,7,1,64,28,0,21:21:27 2019-05-28
0,3,0,138216,110348,6117720,0,0,3448,65576,352,1412,3,1,68,28,0,21:21:28 2019-05-28
1,2,0,125784,110348,6129844,0,0,5924,32768,452,2339,8,1,67,25,0,21:21:29 2019-05-28
0,3,0,130836,95020,6140068,0,0,6620,63488,422,2866,7,1,70,23,0,21:21:30 2019-05-28
2,2,0,120312,95024,6150396,0,0,5192,36864,366,1739,6,1,69,24,0,21:21:31 2019-05-28
0,3,0,126108,83340,6156064,0,0,5752,32768,406,2193,6,1,69,25,0,21:21:32 2019-05-28
0,3,0,127036,83344,6155128,0,0,6164,61440,415,2235,7,1,71,21,0,21:21:33 2019-05-28
1,3,0,133344,83344,6149552,0,0,5060,34816,410,1513,6,0,72,22,0,21:21:34 2019-05-28
0,3,0,119424,83344,6163584,0,0,6644,32768,410,2393,8,1,69,23,0,21:21:35 2019-05-28
1,1,0,129392,83344,6153600,0,0,5832,7168,402,1954,6,1,70,23,0,21:21:36 2019-05-28
0,2,0,136572,83344,6146332,0,0,6664,0,431,2199,8,1,70,21,0,21:21:37 2019-05-28
0,2,0,124272,83344,6158832,0,0,6160,0,413,2199,7,1,69,23,0,21:21:38 2019-05-28
1,0,0,129272,81508,6155304,0,0,16764,48,588,1340,19,1,74,6,0,21:21:39 2019-05-28
1,0,0,119352,81504,6164952,0,0,20996,0,697,1609,23,1,73,3,0,21:21:40 2019-05-28
1,0,0,119508,81504,6164820,0,0,19488,40,700,1955,23,1,72,4,0,21:21:41 2019-05-28
1,0,0,130076,81504,6154052,0,0,20240,0,673,1489,23,1,74,3,0,21:21:42 2019-05-28
1,0,0,128652,81504,6155444,0,0,20996,0,668,1413,22,1,73,3,0,21:21:43 2019-05-28
1,0,0,127952,81512,6155732,0,0,20240,20,660,1569,22,1,74,4,0,21:21:44 2019-05-28
1,0,0,124364,81512,6159328,0,0,20224,0,646,1730,22,1,74,3,0,21:21:45 2019-05-28
1,0,0,120444,81512,6163460,0,0,21192,0,695,1951,22,1,74,3,0,21:21:46 2019-05-28
1,0,0,135352,81512,6148768,0,0,20240,0,665,1666,22,1,74,3,0,21:21:47 2019-05-28
1,0,0,130544,81512,6152764,0,0,20932,0,688,1704,22,1,75,3,0,21:21:48 2019-05-28
1,0,0,127584,81520,6155268,0,0,20240,20,668,1787,21,1,74,5,0,21:21:49 2019-05-28
0,1,0,122836,81520,6159856,0,0,20676,0,692,1803,22,1,74,3,0,21:21:50 2019-05-28
1,0,0,120120,81520,6162892,0,0,20240,4,643,1727,22,1,74,3,0,21:21:51 2019-05-28
3,0,0,134848,81520,6147944,0,0,21620,0,690,1660,22,1,74,3,0,21:21:52 2019-05-28
1,0,0,132644,81520,6150128,0,0,19528,0,648,1496,22,1,74,4,0,21:21:53 2019-05-28
1,0,0,129588,81528,6153324,0,0,20236,20,656,1593,22,1,73,4,0,21:21:54 2019-05-28
1,0,0,122744,81528,6158836,0,0,21348,0,676,1678,23,1,74,3,0,21:21:55 2019-05-28
0,1,0,119368,81532,6162800,0,0,21492,132,695,1635,22,1,74,3,0,21:21:56 2019-05-28
1,0,0,136400,81532,6145944,0,0,19472,0,645,1427,22,1,74,4,0,21:21:57 2019-05-28
1,0,0,131580,81532,6150492,0,0,21544,0,691,1638,22,1,73,3,0,21:21:58 2019-05-28
1,0,0,126784,81540,6154920,0,0,20624,48,656,1469,22,1,73,4,0,21:21:59 2019-05-28
1,0,0,123092,81540,6158672,0,0,20932,0,719,1983,23,1,74,3,0,21:22:00 2019-05-28
0,1,0,119400,81540,6162176,0,0,20676,0,655,1657,22,1,74,3,0,21:22:01 2019-05-28
1,0,0,135052,81540,6146112,0,0,20240,0,726,2061,23,1,74,3,0,21:22:02 2019-05-28
1,0,0,129376,81540,6151636,0,0,21632,0,672,1842,22,1,74,3,0,21:22:03 2019-05-28
1,0,0,128056,81548,6152772,0,0,19516,20,671,1911,21,1,72,5,0,21:22:04 2019-05-28
1,0,0,124760,81548,6155568,0,0,20244,0,682,1933,22,1,74,3,0,21:22:05 2019-05-28
0,1,0,130508,81552,6149240,0,0,15900,56320,616,1439,18,0,74,8,0,21:22:06 2019-05-28
0,2,0,123112,81556,6157292,0,0,4032,161792,412,1557,6,1,65,29,0,21:22:07 2019-05-28
1,1,0,127684,81556,6152512,0,0,6960,33792,439,1560,8,1,51,40,0,21:22:08 2019-05-28
0,3,0,119360,81564,6160944,0,0,4204,58404,346,1231,4,1,64,31,0,21:22:09 2019-05-28
0,3,0,127776,81564,6152396,0,0,5312,33792,427,1893,7,1,69,24,0,21:22:10 2019-05-28
0,3,0,133820,81564,6146060,0,0,6436,66560,422,1838,8,0,51,41,0,21:22:11 2019-05-28
0,3,0,121588,81568,6158252,0,0,5852,24576,393,1937,6,1,60,32,0,21:22:12 2019-05-28
1,3,0,128376,81568,6151344,0,0,5880,65536,387,1503,6,1,71,22,0,21:22:13 2019-05-28
0,3,0,134992,81568,6144700,0,0,6160,32768,394,1301,7,0,65,27,0,21:22:14 2019-05-28
0,3,0,127696,81568,6157192,0,0,6160,26648,413,2742,7,1,50,42,0,21:22:15 2019-05-28
1,2,0,132544,81572,6152124,0,0,6852,71680,449,2145,8,1,65,26,0,21:22:16 2019-05-28
0,2,0,121384,81572,6162728,0,0,5316,15360,397,1893,6,0,58,35,0,21:22:17 2019-05-28
1,1,0,128456,81572,6155796,0,0,5880,0,392,2311,6,1,69,24,0,21:22:18 2019-05-28
0,2,0,134164,81572,6150092,0,0,6876,0,410,2281,8,0,72,21,0,21:22:19 2019-05-28
1,1,0,121212,81576,6163160,0,0,5924,4,395,1856,7,1,68,25,0,21:22:20 2019-05-28
1,0,0,120760,81584,6163120,0,0,19384,44,601,1374,20,1,73,7,0,21:22:21 2019-05-28
1,0,0,135420,81584,6147312,0,0,20228,0,679,1649,22,1,74,3,0,21:22:22 2019-05-28
1,0,0,134348,81584,6147728,0,0,20624,0,647,1958,22,1,74,3,0,21:22:23 2019-05-28
0,1,0,129400,81584,6151936,0,0,21492,0,669,1178,22,1,74,3,0,21:22:24 2019-05-28
1,0,0,126872,81584,6155092,0,0,20248,0,678,1736,23,1,74,3,0,21:22:25 2019-05-28
2,0,0,121300,81592,6160740,0,0,17408,20,699,1973,23,3,69,5,0,21:22:26 2019-05-28
2,0,0,136488,81592,6145092,0,0,29240,136,901,1940,34,1,55,10,0,21:22:27 2019-05-28
2,0,0,130408,81592,6151260,0,0,32152,0,996,2001,37,1,53,9,0,21:22:28 2019-05-28
3,0,0,124096,81592,6157512,0,0,28904,0,907,1916,35,1,54,10,0,21:22:29 2019-05-28
2,0,0,123956,81592,6157040,0,0,28952,0,883,1004,36,1,55,8,0,21:22:30 2019-05-28
1,0,0,122668,81600,6158108,0,0,19624,40,655,1353,23,1,73,3,0,21:22:31 2019-05-28
1,0,0,137080,81600,6142932,0,0,20972,0,672,1331,24,0,74,2,0,21:22:32 2019-05-28
0,1,0,126584,81600,6153536,0,0,20244,0,647,1946,22,1,74,3,0,21:22:33 2019-05-28
2,0,0,120536,81600,6160456,0,0,20224,0,685,1692,23,1,74,2,0,21:22:34 2019-05-28
1,0,0,118580,81600,6162468,0,0,20248,0,662,2007,23,0,74,3,0,21:22:35 2019-05-28
1,0,0,121508,81608,6159196,0,0,18856,20,664,1875,22,1,73,4,0,21:22:36 2019-05-28
1,0,0,123396,81608,6157088,0,0,20244,0,700,1334,23,1,74,3,0,21:22:37 2019-05-28
1,0,0,121440,81608,6158780,0,0,19804,0,663,1983,23,1,74,3,0,21:22:38 2019-05-28
0,1,0,123096,81608,6157104,0,0,20676,0,614,1541,22,1,75,3,0,21:22:39 2019-05-28
1,0,0,123428,81608,6156512,0,0,20240,0,668,1676,22,1,74,3,0,21:22:40 2019-05-28
1,0,0,117388,81616,6162636,0,0,18736,20,717,1994,24,1,71,4,0,21:22:41 2019-05-28
0,1,0,122528,81616,6156764,0,0,20624,0,663,1349,23,0,74,3,0,21:22:42 2019-05-28
2,0,0,116716,81616,6162148,0,0,20240,0,668,1216,24,1,74,2,0,21:22:43 2019-05-28
3,0,0,118776,81616,6160240,0,0,20240,0,643,1612,23,1,74,2,0,21:22:44 2019-05-28
1,0,0,121608,81616,6157916,0,0,20248,0,668,1681,23,1,74,2,0,21:22:45 2019-05-28
1,0,0,120096,81624,6158360,0,0,19852,20,675,2069,22,1,73,4,0,21:22:46 2019-05-28
0,2,0,121112,81624,6157324,0,0,18456,24616,695,1925,20,1,72,7,0,21:22:47 2019-05-28
1,0,0,115980,81624,6162716,0,0,18472,4,732,2045,17,1,70,12,0,21:22:48 2019-05-28
0,4,0,117644,81636,6159420,0,0,8888,176272,500,2091,11,1,43,46,0,21:22:49 2019-05-28
1,3,0,118600,81636,6158412,0,0,4804,66564,383,2371,6,1,50,44,0,21:22:50 2019-05-28
0,4,0,119004,81640,6158596,0,0,5328,20480,416,2622,7,1,49,43,0,21:22:51 2019-05-28
0,4,0,114972,81640,6162324,0,0,6308,65536,441,2503,7,1,49,42,0,21:22:52 2019-05-28
0,4,0,111716,81640,6165304,0,0,5724,32768,413,2276,6,1,50,43,0,21:22:53 2019-05-28
1,3,0,118196,81644,6159624,0,0,5776,56316,397,2208,8,0,49,42,0,21:22:54 2019-05-28
1,4,0,113388,81644,6163720,0,0,6704,33796,447,2609,7,1,50,42,0,21:22:55 2019-05-28
0,4,0,116812,81644,6159868,0,0,6540,32768,435,2874,8,0,49,42,0,21:22:56 2019-05-28
0,4,0,113264,81648,6163544,0,0,6284,63492,422,1800,8,1,49,42,0,21:22:57 2019-05-28
1,3,0,109868,81648,6166672,0,0,5784,32768,413,1966,7,0,49,43,0,21:22:58 2019-05-28
0,4,0,116160,81648,6160260,0,0,6384,32768,420,2414,7,1,49,42,0,21:22:59 2019-05-28
0,3,0,113852,81652,6162328,0,0,5908,32768,410,2476,7,1,50,42,0,21:23:00 2019-05-28
0,3,0,110272,81652,6165920,0,0,6136,22528,405,2111,7,1,51,42,0,21:23:01 2019-05-28
0,3,0,116788,81652,6159212,0,0,6160,0,406,2138,7,1,49,42,0,21:23:02 2019-05-28
0,3,0,115028,81652,6161100,0,0,5772,0,385,1761,7,1,49,43,0,21:23:03 2019-05-28
0,2,0,120716,81800,6154724,0,0,11208,56,614,1469,13,1,58,29,0,21:23:04 2019-05-28
0,1,0,118632,82168,6156432,0,0,18848,0,765,2047,21,1,73,5,0,21:23:05 2019-05-28
1,0,0,112228,82168,6162912,0,0,19808,0,673,1579,22,1,74,3,0,21:23:06 2019-05-28
1,0,0,117972,82168,6157248,0,0,20676,0,687,1430,24,0,74,2,0,21:23:07 2019-05-28
0,1,0,116504,82168,6158876,0,0,20240,0,651,1566,22,2,74,2,0,21:23:08 2019-05-28
1,0,0,110844,82176,6164572,0,0,18732,32,655,1701,23,1,74,2,0,21:23:09 2019-05-28
1,0,0,116668,82176,6158012,0,0,20244,0,694,2003,23,1,74,2,0,21:23:10 2019-05-28
1,0,0,114884,82176,6158056,0,0,20236,0,680,1991,23,1,74,2,0,21:23:11 2019-05-28
1,0,0,111456,82176,6160184,0,0,20244,0,688,1771,22,1,74,3,0,21:23:12 2019-05-28
1,0,0,115932,82180,6155232,0,0,14760,4,819,1810,17,2,68,14,0,21:23:13 2019-05-28
1,0,0,111936,82188,6158680,0,0,19468,68,680,1673,23,1,73,4,0,21:23:14 2019-05-28
1,0,0,110220,82188,6161184,0,0,19764,0,692,1728,22,1,74,3,0,21:23:15 2019-05-28
2,0,0,109892,82188,6160676,0,0,20232,0,653,1966,22,1,74,3,0,21:23:16 2019-05-28
1,0,0,115824,82188,6154488,0,0,19856,0,652,1302,22,1,74,3,0,21:23:17 2019-05-28
1,0,0,112180,82188,6157892,0,0,20632,0,679,1325,23,1,74,2,0,21:23:18 2019-05-28
1,0,0,116252,82196,6153768,0,0,20236,20,704,1879,23,1,73,3,0,21:23:19 2019-05-28
1,0,0,114924,82196,6154840,0,0,19856,0,659,1302,22,1,74,3,0,21:23:20 2019-05-28
1,0,0,112968,82196,6156580,0,0,16824,364,642,1494,19,1,74,6,0,21:23:21 2019-05-28
1,0,0,114980,82196,6154604,0,0,20224,0,708,1467,24,1,74,2,0,21:23:22 2019-05-28
1,0,0,115224,82196,6154012,0,0,20240,0,647,1797,22,1,74,3,0,21:23:23 2019-05-28
1,0,0,117160,82204,6152008,0,0,18616,32,646,1321,22,0,72,5,0,21:23:24 2019-05-28
0,1,0,114972,82204,6154008,0,0,20240,0,670,1375,23,1,74,3,0,21:23:25 2019-05-28
1,0,0,112596,82204,6155908,0,0,19524,0,651,1343,22,1,74,3,0,21:23:26 2019-05-28
1,0,0,110672,82204,6157944,0,0,20248,0,676,1755,22,1,74,3,0,21:23:27 2019-05-28
1,0,0,116496,82204,6151552,0,0,19576,0,673,2071,22,1,75,3,0,21:23:28 2019-05-28
0,1,0,114092,82212,6153484,0,0,20240,20,664,2013,23,0,73,3,0,21:23:29 2019-05-28
0,1,0,116104,82212,6151448,0,0,20240,0,648,1485,22,1,74,3,0,21:23:30 2019-05-28
0,2,0,109848,82216,6157024,0,0,15184,108552,569,1524,17,1,68,15,0,21:23:31 2019-05-28
0,2,0,109516,82216,6156952,0,0,4628,94208,353,1457,6,1,66,28,0,21:23:32 2019-05-28
0,2,0,116488,82224,6150952,0,0,5504,71680,426,1306,7,1,70,22,0,21:23:33 2019-05-28
0,3,0,116828,82228,6150888,0,0,4632,41008,342,877,5,1,58,36,0,21:23:34 2019-05-28
0,3,0,116332,82228,6151084,0,0,5052,18504,418,2152,7,1,49,43,0,21:23:35 2019-05-28
0,3,0,113076,82232,6154572,0,0,6164,38912,409,1967,7,1,51,41,0,21:23:36 2019-05-28
2,3,0,109284,82232,6158392,0,0,6644,65536,448,2835,8,1,50,42,0,21:23:37 2019-05-28
0,3,0,117360,82236,6149736,0,0,6368,32768,397,2076,7,0,56,37,0,21:23:38 2019-05-28
0,3,0,115156,82236,6152272,0,0,5444,32768,427,2270,7,0,71,22,0,21:23:39 2019-05-28
2,2,0,111528,82236,6155600,0,0,6184,65536,438,2096,8,1,71,20,0,21:23:40 2019-05-28
1,2,0,110552,82240,6156640,0,0,5724,32768,416,2301,7,1,58,34,0,21:23:41 2019-05-28
0,2,0,114644,82240,6152200,0,0,6040,8192,418,2142,7,0,67,26,0,21:23:42 2019-05-28
0,2,0,110960,82240,6156036,0,0,6432,0,446,1994,8,0,71,21,0,21:23:43 2019-05-28
0,2,0,116684,82240,6150488,0,0,5856,0,394,2923,7,1,68,25,0,21:23:44 2019-05-28
2,0,0,115740,82252,6151764,0,0,13136,48,530,1644,15,1,74,11,0,21:23:45 2019-05-28
1,0,0,113040,82252,6153856,0,0,20244,0,661,1333,22,1,75,3,0,21:23:46 2019-05-28
1,0,0,110900,82252,6155500,0,0,19860,0,689,1433,22,1,75,3,0,21:23:47 2019-05-28
1,0,0,113356,82252,6153144,0,0,20240,0,634,1333,23,1,74,2,0,21:23:48 2019-05-28
0,1,0,114800,82252,6151124,0,0,20236,0,658,1971,22,1,74,3,0,21:23:49 2019-05-28
1,0,0,116628,82260,6148956,0,0,18428,20,658,1735,21,1,73,5,0,21:23:50 2019-05-28
1,0,0,117164,82260,6148404,0,0,20244,0,661,1413,22,1,74,2,0,21:23:51 2019-05-28
1,0,0,112840,82260,6152196,0,0,19548,124,647,1312,23,1,74,3,0,21:23:52 2019-05-28
1,0,0,109860,82260,6155340,0,0,20244,0,667,1551,22,1,75,3,0,21:23:53 2019-05-28
1,0,0,116632,82260,6148104,0,0,19856,0,657,1957,23,1,74,3,0,21:23:54 2019-05-28
1,0,0,114924,82268,6149616,0,0,19692,28,687,1702,22,1,74,4,0,21:23:55 2019-05-28
1,0,0,115268,82268,6149400,0,0,20788,0,676,1388,23,1,73,2,0,21:23:56 2019-05-28
1,0,0,113264,82268,6151336,0,0,19708,0,691,1582,23,1,74,3,0,21:23:57 2019-05-28
2,0,0,110564,82268,6153324,0,0,20236,0,686,1650,23,1,74,3,0,21:23:58 2019-05-28
1,0,0,111420,82268,6151696,0,0,20232,0,679,1470,23,1,74,2,0,21:23:59 2019-05-28
1,0,0,116836,82276,6146448,0,0,19488,20,673,2050,22,1,72,5,0,21:24:00 2019-05-28
1,0,0,140672,82276,6122360,0,0,19768,0,671,1986,23,0,75,3,0,21:24:01 2019-05-28
1,0,0,125912,82276,6137584,0,0,20228,8,670,1173,23,1,74,3,0,21:24:02 2019-05-28
1,0,0,123820,82276,6139100,0,0,20244,0,692,1640,23,1,73,2,0,21:24:03 2019-05-28
1,0,0,119260,82276,6142792,0,0,20724,0,674,1502,23,1,75,2,0,21:24:04 2019-05-28
1,0,0,122692,82284,6139172,0,0,19368,32,681,2049,21,1,73,5,0,21:24:05 2019-05-28
1,0,0,116912,82284,6145204,0,0,20240,0,654,1321,23,1,74,3,0,21:24:06 2019-05-28
1,0,0,123700,82284,6138616,0,0,19524,0,693,1246,23,1,74,3,0,21:24:07 2019-05-28
1,0,0,117156,82284,6145416,0,0,20240,0,672,1424,23,1,74,2,0,21:24:08 2019-05-28
1,1,0,120916,82284,6140680,0,0,20960,0,647,1142,23,0,75,3,0,21:24:09 2019-05-28
1,0,0,121736,82292,6139792,0,0,18864,20,699,1997,23,1,73,4,0,21:24:10 2019-05-28
1,0,0,118740,82292,6142600,0,0,19808,0,717,2041,23,1,74,3,0,21:24:11 2019-05-28
0,2,0,119692,82296,6141320,0,0,19168,120832,632,1452,21,1,73,6,0,21:24:12 2019-05-28
0,2,0,132892,82296,6128132,0,0,2684,83968,330,1462,4,1,61,35,0,21:24:13 2019-05-28
0,2,0,120088,82296,6141336,0,0,6904,32768,413,1306,8,1,73,19,0,21:24:14 2019-05-28
0,2,0,132624,82304,6128132,0,0,2696,55332,353,1372,4,1,65,30,0,21:24:15 2019-05-28
1,2,0,123092,82304,6138444,0,0,5076,59428,426,2341,6,1,44,49,0,21:24:16 2019-05-28
1,2,0,127648,82308,6132976,0,0,6160,32768,430,2489,7,1,57,35,0,21:24:17 2019-05-28
0,3,0,132948,82308,6127200,0,0,6852,65536,430,2075,7,1,53,39,0,21:24:18 2019-05-28
2,2,0,120500,82308,6139628,0,0,6132,32768,418,2048,8,1,49,43,0,21:24:19 2019-05-28
1,2,0,124764,82312,6135048,0,0,6876,32768,469,2771,8,1,58,34,0,21:24:20 2019-05-28
0,3,0,132620,82312,6126900,0,0,5324,63488,443,2250,7,1,70,22,0,21:24:21 2019-05-28
0,3,0,138320,82312,6120884,0,0,6424,30720,445,2954,7,1,58,34,0,21:24:22 2019-05-28
0,2,0,125272,82312,6133708,0,0,6556,12412,424,2033,8,0,67,25,0,21:24:23 2019-05-28
0,2,0,131860,82312,6127080,0,0,6280,0,432,2497,7,1,69,23,0,21:24:24 2019-05-28
1,1,0,136668,82312,6122220,0,0,6652,0,435,2613,8,1,68,23,0,21:24:25 2019-05-28
1,0,0,133168,82324,6125584,0,0,11420,48,496,2043,13,1,68,19,0,21:24:26 2019-05-28
1,0,0,130376,82324,6128432,0,0,19712,0,723,1993,23,1,73,3,0,21:24:27 2019-05-28
1,0,0,130048,82324,6128376,0,0,18980,0,636,1527,22,1,75,2,0,21:24:28 2019-05-28
1,0,0,126248,82324,6131724,0,0,20248,0,652,1925,23,1,74,3,0,21:24:29 2019-05-28
1,0,0,122384,82324,6135440,0,0,20724,0,665,1546,23,1,74,2,0,21:24:30 2019-05-28
1,0,0,122056,82332,6135636,0,0,19368,20,656,1585,22,1,73,4,0,21:24:31 2019-05-28
1,0,0,124052,82332,6132636,0,0,8760,0,637,2996,24,3,72,1,0,21:24:32 2019-05-28
1,0,0,125320,82332,6132504,0,0,19712,8,686,1739,22,1,74,4,0,21:24:33 2019-05-28
1,0,0,124108,82332,6133524,0,0,20240,0,684,1963,22,1,74,3,0,21:24:34 2019-05-28
1,0,0,139468,82332,6117904,0,0,20232,0,655,1914,22,1,75,2,0,21:24:35 2019-05-28
1,0,0,137480,82340,6120296,0,0,19480,32,647,1394,21,1,73,5,0,21:24:36 2019-05-28
0,1,0,134116,82340,6123128,0,0,21004,0,690,1222,22,1,74,2,0,21:24:37 2019-05-28
0,1,0,130548,82340,6126408,0,0,20232,0,686,1992,23,1,74,3,0,21:24:38 2019-05-28
1,0,0,127104,82340,6129600,0,0,20248,0,674,1972,22,1,74,3,0,21:24:39 2019-05-28
3,0,0,124980,82340,6131736,0,0,20248,0,698,1440,24,1,72,3,0,21:24:40 2019-05-28
1,0,0,124944,82348,6131584,0,0,18988,20,667,1960,22,1,72,4,0,21:24:41 2019-05-28
1,0,0,122400,82348,6134440,0,0,19860,0,642,1528,23,1,75,2,0,21:24:42 2019-05-28
1,0,0,138060,82348,6117912,0,0,20248,0,673,1377,23,1,74,3,0,21:24:43 2019-05-28
0,1,0,136080,82348,6120048,0,0,20244,0,646,1916,22,1,74,3,0,21:24:44 2019-05-28
1,0,0,133044,82348,6122808,0,0,20224,0,659,1959,22,1,74,3,0,21:24:45 2019-05-28
1,0,0,130344,82356,6125360,0,0,19524,20,666,1403,23,0,73,3,0,21:24:46 2019-05-28
1,0,0,126156,82356,6129416,0,0,20972,0,663,1498,22,1,74,3,0,21:24:47 2019-05-28
1,0,0,123596,82356,6131780,0,0,20244,0,656,1340,22,1,74,3,0,21:24:48 2019-05-28
0,1,0,136864,82360,6118176,0,0,11744,24576,493,1201,13,1,68,18,0,21:24:49 2019-05-28
1,0,0,134848,82360,6119708,0,0,19476,0,652,1347,22,1,74,3,0,21:24:50 2019-05-28
1,0,0,133964,82368,6120804,0,0,9640,24760,465,1446,11,1,72,17,0,21:24:51 2019-05-28
1,0,0,139172,82368,6115000,0,0,18040,24596,624,1637,19,1,74,6,0,21:24:52 2019-05-28
1,0,0,130224,82368,6124760,0,0,14104,0,534,1860,16,1,74,9,0,21:24:53 2019-05-28
0,2,0,126348,82372,6127308,0,0,11200,169988,502,1720,13,1,68,18,0,21:24:54 2019-05-28
0,2,0,138888,82372,6114772,0,0,6872,32764,445,1540,8,0,75,17,0,21:24:55 2019-05-28
1,2,0,129680,82380,6124228,0,0,4352,75820,369,1088,6,0,56,38,0,21:24:56 2019-05-28
1,2,0,135228,82380,6118292,0,0,6644,32768,445,2845,8,1,67,25,0,21:24:57 2019-05-28
0,3,0,140568,82384,6112068,0,0,6368,57340,371,1891,7,1,69,24,0,21:24:58 2019-05-28
0,3,0,128964,82384,6124396,0,0,6136,32772,446,2802,8,0,69,23,0,21:24:59 2019-05-28
1,2,0,136000,82384,6117032,0,0,5492,32768,400,3023,7,1,69,24,0,21:25:00 2019-05-28
1,4,0,122956,82388,6129780,0,0,6472,32764,436,2158,7,0,53,40,0,21:25:01 2019-05-28
1,2,0,130620,82388,6121892,0,0,6804,32772,497,2457,5,0,43,51,0,21:25:02 2019-05-28
0,3,0,136340,82388,6115856,0,0,6704,32768,421,2770,8,1,62,30,0,21:25:03 2019-05-28
1,2,0,124248,82392,6127868,0,0,5672,65536,411,2548,7,1,56,37,0,21:25:04 2019-05-28
0,3,0,130788,82392,6121752,0,0,6616,30720,451,2540,7,0,68,24,0,21:25:05 2019-05-28
1,2,0,136928,82392,6115040,0,0,5888,32768,428,2727,8,0,54,38,0,21:25:06 2019-05-28
0,2,0,126048,82392,6127348,0,0,6152,6144,443,2471,7,0,70,23,0,21:25:07 2019-05-28
0,2,0,133568,82392,6119352,0,0,5772,0,381,2265,7,0,73,20,0,21:25:08 2019-05-28
1,1,0,138272,82392,6114472,0,0,6696,0,438,2419,8,1,72,20,0,21:25:09 2019-05-28
2,0,0,124816,82404,6127996,0,0,15720,76,653,2204,18,1,71,11,0,21:25:10 2019-05-28
1,0,0,122364,82404,6130176,0,0,20240,0,702,1279,22,1,75,3,0,21:25:11 2019-05-28
1,0,0,139132,82404,6113336,0,0,20628,0,652,1288,22,1,74,3,0,21:25:12 2019-05-28
1,0,0,119368,82404,6133152,0,0,19316,0,663,1631,22,1,74,2,0,21:25:13 2019-05-28
1,0,0,295920,82404,5956256,0,0,20232,0,687,1993,22,1,74,3,0,21:25:14 2019-05-28
0,1,0,254628,82412,5997496,0,0,20248,24,686,1645,22,0,73,4,0,21:25:15 2019-05-28
1,0,0,214140,82412,6038008,0,0,19480,0,676,1381,22,1,74,3,0,21:25:16 2019-05-28
1,0,0,173480,82412,6078328,0,0,20240,0,697,1917,23,1,74,2,0,21:25:17 2019-05-28
0,1,0,131348,82412,6120428,0,0,20996,0,645,1109,22,1,74,3,0,21:25:18 2019-05-28
1,0,0,128868,82412,6122224,0,0,20240,0,687,1395,23,1,74,3,0,21:25:19 2019-05-28
1,0,0,127788,82420,6122444,0,0,19488,20,656,1901,21,1,74,4,0,21:25:20 2019-05-28
1,0,0,125868,82420,6124484,0,0,20240,0,684,2034,23,1,74,3,0,21:25:21 2019-05-28
3,0,0,123292,82420,6126684,0,0,20240,0,672,1603,22,1,74,3,0,21:25:22 2019-05-28
1,0,0,140556,82420,6109180,0,0,20244,0,666,1848,22,1,74,3,0,21:25:23 2019-05-28
1,0,0,139484,82420,6110140,0,0,20240,0,660,1385,23,0,74,3,0,21:25:24 2019-05-28
1,0,0,138272,82428,6111660,0,0,19752,20,688,1875,23,1,72,4,0,21:25:25 2019-05-28
1,0,0,125776,82428,6123596,0,0,20728,0,643,1584,23,1,74,3,0,21:25:26 2019-05-28
1,0,0,123976,82428,6125296,0,0,19764,148,671,1387,22,1,74,3,0,21:25:27 2019-05-28
0,0,0,268956,82428,6125236,0,0,15176,0,676,1644,19,1,77,3,0,21:25:28 2019-05-28
2,0,0,268956,82428,6125236,0,0,0,0,212,1091,1,1,99,0,0,21:25:29 2019-05-28
0,0,0,268660,82436,6125244,0,0,0,40,203,1419,1,1,98,1,0,21:25:30 2019-05-28
0,0,0,268660,82436,6125256,0,0,0,0,212,1013,1,0,99,0,0,21:25:31 2019-05-28
0,0,0,268660,82436,6125256,0,0,0,152,222,1027,1,1,99,0,0,21:25:32 2019-05-28
0,0,0,269560,82436,6125264,0,0,0,0,209,977,1,0,99,0,0,21:25:33 2019-05-28
0,0,0,269560,82436,6125268,0,0,0,0,225,1439,1,1,97,0,0,21:25:34 2019-05-28
0,0,0,275760,82444,6125272,0,0,0,20,221,1459,0,1,98,2,0,21:25:35 2019-05-28
0,0,0,275140,82444,6125276,0,0,0,0,197,1467,1,0,99,0,0,21:25:36 2019-05-28
0,1,0,275140,82448,6125284,0,0,4,51204,246,1062,1,1,94,4,0,21:25:37 2019-05-28
0,1,0,276256,82456,6125304,0,0,8,157696,310,1017,1,1,74,24,0,21:25:38 2019-05-28
0,1,0,276472,82492,6125360,0,0,36,55296,300,1497,1,1,75,23,0,21:25:39 2019-05-28
0,2,0,275840,82516,6125432,0,0,20,59460,321,1647,2,1,68,29,0,21:25:40 2019-05-28
0,1,0,276256,82520,6125444,0,0,0,71940,282,1169,0,1,52,47,0,21:25:41 2019-05-28
0,1,0,276336,82520,6125448,0,0,0,0,241,970,0,0,75,25,0,21:25:42 2019-05-28
1,1,0,276312,82520,6125452,0,0,0,0,266,1205,1,0,75,24,0,21:25:43 2019-05-28
0,0,0,276332,82524,6125456,0,0,0,4,220,1317,1,0,88,12,0,21:25:44 2019-05-28
0,0,0,276456,82532,6125464,0,0,0,44,201,937,1,0,98,1,0,21:25:45 2019-05-28
0,0,0,276240,82532,6125468,0,0,0,0,188,923,0,0,99,0,0,21:25:46 2019-05-28
0,0,0,276488,82532,6125472,0,0,0,0,209,1022,1,1,99,0,0,21:25:47 2019-05-28
0,0,0,276240,82532,6125476,0,0,0,0,190,1357,1,1,99,0,0,21:25:48 2019-05-28
0,0,0,275868,82532,6125480,0,0,0,0,198,907,1,0,99,0,0,21:25:49 2019-05-28
0,0,0,274908,82532,6125484,0,0,0,0,190,888,1,0,99,0,0,21:25:50 2019-05-28
0,0,0,273792,82540,6125484,0,0,0,16,198,896,1,1,98,1,0,21:25:51 2019-05-28
0,0,0,273248,82540,6125508,0,0,0,0,214,1376,1,1,99,0,0,21:25:52 2019-05-28
1,0,0,272256,82540,6125512,0,0,0,0,197,921,1,0,99,0,0,21:25:53 2019-05-28
0,0,0,271264,82540,6125512,0,0,0,0,184,1378,1,1,99,0,0,21:25:54 2019-05-28
0,0,0,269900,82540,6125520,0,0,0,0,188,1378,1,1,99,0,0,21:25:55 2019-05-28
0,0,0,268784,82548,6125516,0,0,0,16,212,1346,0,1,97,2,0,21:25:56 2019-05-28
0,0,0,267700,82548,6125528,0,0,0,0,220,1419,1,1,99,0,0,21:25:57 2019-05-28
0,0,0,266460,82548,6125532,0,0,0,0,202,1360,0,1,99,0,0,21:25:58 2019-05-28
0,0,0,265344,82548,6125536,0,0,0,0,207,1094,1,0,99,0,0,21:25:59 2019-05-28
0,0,0,264228,82548,6125540,0,0,0,0,198,1148,1,1,99,0,0,21:26:00 2019-05-28
0,0,0,263112,82556,6125544,0,0,0,16,198,1396,0,0,98,1,0,21:26:01 2019-05-28
0,0,0,262492,82556,6125544,0,0,0,144,207,1395,1,0,99,0,0,21:26:02 2019-05-28
0,0,0,261716,82556,6125552,0,0,0,0,187,1384,1,0,99,0,0,21:26:03 2019-05-28
1,0,0,261252,82556,6125556,0,0,0,0,202,1298,1,1,99,0,0,21:26:04 2019-05-28
0,0,0,261252,82556,6125556,0,0,0,0,230,1380,1,0,98,0,0,21:26:05 2019-05-28
0,0,0,261252,82564,6125560,0,0,0,36,187,997,1,0,98,2,0,21:26:06 2019-05-28
0,0,0,261252,82564,6125564,0,0,0,0,229,1302,1,0,99,0,0,21:26:07 2019-05-28
0,0,0,261252,82564,6125564,0,0,0,0,189,1350,1,1,99,0,0,21:26:08 2019-05-28
0,0,0,261128,82564,6125572,0,0,0,0,209,1237,1,0,99,0,0,21:26:09 2019-05-28
0,0,0,260136,82564,6125576,0,0,0,0,197,1482,2,0,98,0,0,21:26:10 2019-05-28
0,0,0,260136,82572,6125576,0,0,0,16,209,944,0,1,97,2,0,21:26:11 2019-05-28
0,0,0,259144,82572,6125584,0,0,0,0,212,1330,1,0,99,0,0,21:26:12 2019-05-28
0,0,0,258400,82572,6125588,0,0,0,0,186,1358,1,1,99,0,0,21:26:13 2019-05-28
0,0,0,257036,82572,6125592,0,0,0,0,209,1362,1,0,99,0,0,21:26:14 2019-05-28
0,0,0,256168,82572,6125596,0,0,0,0,218,1419,1,1,98,0,0,21:26:15 2019-05-28
0,0,0,254928,82580,6125600,0,0,0,16,210,949,0,1,98,1,0,21:26:16 2019-05-28
0,0,0,253936,82580,6125608,0,0,4,88,226,1359,1,0,99,0,0,21:26:17 2019-05-28
0,0,0,253068,82580,6125612,0,0,0,0,189,1371,0,1,99,0,0,21:26:18 2019-05-28
0,0,0,251828,82580,6125612,0,0,0,0,209,1343,1,1,98,0,0,21:26:19 2019-05-28
0,0,0,251084,82580,6125620,0,0,0,0,183,916,1,0,99,0,0,21:26:20 2019-05-28
0,0,0,250216,82588,6125620,0,0,0,20,192,1401,1,1,98,1,0,21:26:21 2019-05-28
0,0,0,249100,82588,6125628,0,0,0,0,241,1316,1,1,98,0,0,21:26:22 2019-05-28
0,0,0,248480,82588,6125636,0,0,0,0,195,910,1,1,99,0,0,21:26:23 2019-05-28
0,0,0,248480,82588,6125640,0,0,0,0,191,926,1,1,99,0,0,21:26:24 2019-05-28
1,0,0,248356,82588,6125644,0,0,0,0,200,1301,1,1,98,0,0,21:26:25 2019-05-28
0,0,0,248108,82596,6125648,0,0,0,16,187,1401,1,0,99,0,0,21:26:26 2019-05-28
0,0,0,247364,82596,6125652,0,0,0,0,216,1392,1,0,99,0,0,21:26:27 2019-05-28
0,0,0,246248,82596,6125656,0,0,0,0,195,1312,1,1,99,0,0,21:26:28 2019-05-28
0,0,0,245132,82596,6125660,0,0,0,0,185,1347,1,1,99,0,0,21:26:29 2019-05-28
0,0,0,244264,82596,6125664,0,0,0,0,185,960,1,0,99,0,0,21:26:30 2019-05-28
0,0,0,243984,82604,6125668,0,0,0,16,205,1397,1,0,99,0,0,21:26:31 2019-05-28
0,0,0,243364,82604,6125672,0,0,0,0,183,1358,0,1,99,0,0,21:26:32 2019-05-28
0,0,0,243364,82604,6125672,0,0,0,132,219,1430,1,1,99,0,0,21:26:33 2019-05-28
0,0,0,243240,82604,6125676,0,0,0,0,181,1365,1,0,99,0,0,21:26:34 2019-05-28
0,0,0,242868,82604,6125680,0,0,0,0,208,1290,1,1,99,0,0,21:26:35 2019-05-28
0,0,0,242496,82612,6125684,0,0,0,36,203,939,0,0,99,1,0,21:26:36 2019-05-28
0,0,0,242372,82612,6125688,0,0,0,0,202,1020,1,0,99,0,0,21:26:37 2019-05-28
0,0,0,242868,82612,6125692,0,0,0,52,201,1021,1,0,99,0,0,21:26:38 2019-05-28
0,0,0,242000,82612,6125696,0,0,0,0,205,932,1,1,98,0,0,21:26:39 2019-05-28
0,0,0,241752,82612,6125700,0,0,0,0,228,1402,3,0,96,0,0,21:26:40 2019-05-28
0,0,0,242124,82620,6125704,0,0,0,24,189,1376,1,0,98,1,0,21:26:41 2019-05-28
0,0,0,242496,82620,6125708,0,0,0,0,183,1335,1,1,99,0,0,21:26:42 2019-05-28
0,0,0,242496,82620,6125712,0,0,0,0,220,1374,1,1,98,0,0,21:26:43 2019-05-28
0,0,0,242496,82620,6125716,0,0,0,0,175,1342,1,0,99,0,0,21:26:44 2019-05-28
0,0,0,242124,82620,6125720,0,0,0,0,194,913,1,1,99,0,0,21:26:45 2019-05-28
1,0,0,241628,82628,6125724,0,0,0,16,204,944,0,1,99,0,0,21:26:46 2019-05-28
0,0,0,241472,82628,6125728,0,0,0,0,215,1179,1,1,98,0,0,21:26:47 2019-05-28
0,0,0,242216,82628,6125732,0,0,0,0,194,902,1,1,99,0,0,21:26:48 2019-05-28
0,0,0,241968,82628,6125736,0,0,0,0,215,1341,1,1,98,0,0,21:26:49 2019-05-28
0,0,0,242588,82628,6125740,0,0,0,0,199,882,1,1,99,0,0,21:26:50 2019-05-28
0,0,0,241596,82636,6125740,0,0,0,16,194,1387,1,0,99,0,0,21:26:51 2019-05-28
0,0,0,241100,82636,6125748,0,0,0,0,202,1343,0,1,99,0,0,21:26:52 2019-05-28
0,0,0,241368,82636,6125748,0,0,0,0,188,1340,1,1,99,0,0,21:26:53 2019-05-28
0,0,0,241988,82636,6125748,0,0,0,0,204,914,1,1,99,0,0,21:26:54 2019-05-28
0,0,0,241720,82636,6125760,0,0,0,0,200,905,1,1,99,0,0,21:26:55 2019-05-28
0,0,0,241596,82644,6125764,0,0,0,16,200,913,0,0,99,0,0,21:26:56 2019-05-28
0,0,0,242836,82644,6125768,0,0,0,0,205,901,1,1,98,0,0,21:26:57 2019-05-28
0,0,0,242588,82644,6125772,0,0,0,0,195,1358,1,1,98,0,0,21:26:58 2019-05-28
0,0,0,242464,82644,6125784,0,0,0,0,193,1366,1,0,99,0,0,21:26:59 2019-05-28
0,0,0,242332,82644,6125788,0,0,0,0,212,1426,1,1,98,0,0,21:27:00 2019-05-28
0,0,0,242332,82652,6125788,0,0,0,16,196,1367,1,1,99,0,0,21:27:01 2019-05-28
0,0,0,242208,82652,6125792,0,0,0,0,190,898,1,0,99,0,0,21:27:02 2019-05-28
0,0,0,242084,82652,6125796,0,0,0,0,197,1373,0,1,99,0,0,21:27:03 2019-05-28
0,0,0,241960,82652,6125800,0,0,0,0,196,904,1,0,99,0,0,21:27:04 2019-05-28
0,0,0,241960,82652,6125804,0,0,0,0,219,1366,1,0,99,0,0,21:27:05 2019-05-28
0,0,0,242084,82660,6125808,0,0,0,16,206,911,1,0,98,0,0,21:27:06 2019-05-28
1,0,0,242828,82660,6125812,0,0,0,0,277,1195,1,0,98,0,0,21:27:07 2019-05-28
0,0,0,242984,82660,6125816,0,0,0,0,210,1350,1,1,98,0,0,21:27:08 2019-05-28
0,0,0,242488,82660,6125820,0,0,0,132,209,1382,1,1,99,0,0,21:27:09 2019-05-28
0,0,0,242364,82660,6125824,0,0,0,0,200,1401,1,0,99,0,0,21:27:10 2019-05-28
0,0,0,242736,82668,6125832,0,0,0,36,238,1384,1,1,98,1,0,21:27:11 2019-05-28
0,0,0,242612,82668,6125836,0,0,0,0,191,1275,1,1,99,0,0,21:27:12 2019-05-28
0,0,0,242116,82668,6125840,0,0,0,0,212,1376,1,1,99,0,0,21:27:13 2019-05-28
0,0,0,242116,82668,6125844,0,0,0,48,199,935,1,0,99,0,0,21:27:14 2019-05-28
0,0,0,241868,82668,6125848,0,0,0,0,196,907,1,1,99,0,0,21:27:15 2019-05-28
0,0,0,241744,82676,6125844,0,0,0,24,201,1399,1,1,99,0,0,21:27:16 2019-05-28
0,0,0,241496,82676,6125856,0,0,0,0,210,991,0,1,99,0,0,21:27:17 2019-05-28
0,0,0,241496,82676,6125860,0,0,0,0,187,1352,1,1,99,0,0,21:27:18 2019-05-28
0,0,0,241744,82676,6125860,0,0,0,0,196,907,1,0,99,0,0,21:27:19 2019-05-28
0,0,0,241372,82676,6125868,0,0,0,0,192,1312,0,0,99,0,0,21:27:20 2019-05-28
0,0,0,241248,82684,6125872,0,0,0,16,178,997,0,0,100,0,0,21:27:21 2019-05-28
0,0,0,241000,82684,6125876,0,0,0,0,207,916,1,0,99,0,0,21:27:22 2019-05-28
0,0,0,241096,82684,6125880,0,0,0,0,233,1345,0,0,99,0,0,21:27:23 2019-05-28
0,0,0,241372,82684,6125884,0,0,0,0,194,1369,1,0,99,0,0,21:27:24 2019-05-28
0,0,0,240876,82684,6125884,0,0,0,0,196,896,1,1,98,0,0,21:27:25 2019-05-28
0,0,0,240628,82692,6125892,0,0,0,16,203,1388,1,1,99,0,0,21:27:26 2019-05-28
0,0,0,240628,82692,6125896,0,0,0,0,258,1382,1,0,99,0,0,21:27:27 2019-05-28
1,0,0,240596,82692,6125896,0,0,0,0,186,1025,1,0,99,0,0,21:27:28 2019-05-28
0,0,0,240472,82692,6125896,0,0,0,0,176,897,1,1,99,0,0,21:27:29 2019-05-28
0,0,0,240380,82692,6125904,0,0,0,0,175,918,1,0,99,0,0,21:27:30 2019-05-28
0,0,0,240132,82700,6125908,0,0,0,16,198,1399,1,0,99,0,0,21:27:31 2019-05-28
0,0,0,240504,82700,6125908,0,0,0,0,205,897,1,1,98,0,0,21:27:32 2019-05-28
1,0,0,241164,82700,6125916,0,0,0,0,190,1321,0,1,99,0,0,21:27:33 2019-05-28
0,0,0,241212,82700,6125920,0,0,0,0,196,1301,1,1,99,0,0,21:27:34 2019-05-28
0,0,0,241992,82700,6125920,0,0,0,0,199,901,1,0,99,0,0,21:27:35 2019-05-28
0,0,0,241372,82708,6125932,0,0,0,16,199,1376,1,0,99,1,0,21:27:36 2019-05-28
0,0,0,240876,82708,6125936,0,0,0,0,212,1400,1,1,98,0,0,21:27:37 2019-05-28
0,0,0,240752,82708,6125940,0,0,0,0,183,1334,1,1,99,0,0,21:27:38 2019-05-28
0,0,0,240628,82708,6125944,0,0,0,0,201,948,1,0,99,0,0,21:27:39 2019-05-28
0,0,0,240628,82708,6125948,0,0,0,0,251,958,3,1,96,0,0,21:27:40 2019-05-28
0,0,0,240504,82716,6125952,0,0,0,16,221,1094,1,1,99,0,0,21:27:41 2019-05-28
0,0,0,240504,82716,6125960,0,0,0,0,196,1303,1,1,99,0,0,21:27:42 2019-05-28
0,0,0,240228,82716,6125960,0,0,0,0,223,1415,1,0,99,0,0,21:27:43 2019-05-28
0,0,0,240352,82716,6125960,0,0,0,124,189,1353,1,1,99,0,0,21:27:44 2019-05-28
0,0,0,240132,82716,6125972,0,0,0,0,191,1402,1,1,99,0,0,21:27:45 2019-05-28
0,0,0,240132,82724,6125976,0,0,0,24,226,1332,0,0,99,1,0,21:27:46 2019-05-28
0,0,0,239728,82724,6125980,0,0,0,0,245,1379,1,0,99,0,0,21:27:47 2019-05-28
0,0,0,239604,82724,6125984,0,0,0,0,170,857,0,0,99,0,0,21:27:48 2019-05-28
1,0,0,239480,82732,6126116,0,0,128,24,218,976,0,1,97,1,0,21:27:49 2019-05-28
0,0,0,239480,82732,6126120,0,0,0,20,202,1333,1,0,99,0,0,21:27:50 2019-05-28
0,0,0,239232,82732,6126124,0,0,0,0,210,1384,1,1,99,0,0,21:27:51 2019-05-28
0,0,0,239232,82732,6126128,0,0,0,0,201,1362,1,0,99,0,0,21:27:52 2019-05-28
0,0,0,239604,82732,6126132,0,0,0,0,182,902,1,1,99,0,0,21:27:53 2019-05-28
0,0,0,239480,82740,6126136,0,0,0,28,184,1371,1,0,99,1,0,21:27:54 2019-05-28
0,0,0,239232,82740,6126140,0,0,0,0,192,1390,1,0,99,0,0,21:27:55 2019-05-28
0,0,0,239728,82740,6126144,0,0,0,0,177,1365,1,1,99,0,0,21:27:56 2019-05-28
0,0,0,238984,82740,6126144,0,0,0,0,187,929,1,1,99,0,0,21:27:57 2019-05-28
2,0,0,238364,82740,6126148,0,0,0,0,174,894,1,0,99,0,0,21:27:58 2019-05-28
0,0,0,239108,82748,6126148,0,0,0,16,210,959,1,0,99,0,0,21:27:59 2019-05-28
0,0,0,238240,82748,6126156,0,0,0,0,188,914,1,1,99,0,0,21:28:00 2019-05-28
0,0,0,238240,82748,6126156,0,0,0,0,185,1331,1,1,99,0,0,21:28:01 2019-05-28
0,0,0,238240,82748,6126164,0,0,0,0,272,1330,1,1,99,0,0,21:28:02 2019-05-28
0,0,0,237992,82748,6126168,0,0,0,0,203,1417,1,1,99,0,0,21:28:03 2019-05-28
0,0,0,238488,82756,6126164,0,0,0,16,193,1364,1,0,99,0,0,21:28:04 2019-05-28
0,0,0,238116,82756,6126176,0,0,0,0,202,905,1,0,99,0,0,21:28:05 2019-05-28
0,0,0,237744,82756,6126180,0,0,0,0,171,901,1,0,99,0,0,21:28:06 2019-05-28
0,0,0,238736,82756,6126184,0,0,0,0,219,969,1,0,99,0,0,21:28:07 2019-05-28
0,0,0,239200,82756,6126188,0,0,0,0,195,1374,0,1,99,0,0,21:28:08 2019-05-28
0,0,0,238924,82764,6126192,0,0,0,16,203,962,1,0,99,0,0,21:28:09 2019-05-28
1,0,0,238796,82764,6126196,0,0,0,0,208,1372,1,0,99,0,0,21:28:10 2019-05-28
0,0,0,238268,82764,6126200,0,0,0,0,246,967,2,1,92,6,0,21:28:11 2019-05-28
0,0,0,238236,82764,6126208,0,0,0,0,206,903,1,1,98,0,0,21:28:12 2019-05-28
0,0,0,238392,82764,6126212,0,0,0,0,242,997,1,0,99,0,0,21:28:13 2019-05-28
0,0,0,238268,82772,6126216,0,0,0,16,236,1073,1,1,98,0,0,21:28:14 2019-05-28
0,0,0,238144,82772,6126220,0,0,0,124,215,1408,1,0,99,0,0,21:28:15 2019-05-28
0,0,0,237524,82772,6126224,0,0,0,0,203,1411,0,1,99,0,0,21:28:16 2019-05-28
0,0,0,238112,82772,6126228,0,0,0,0,205,1382,1,1,99,0,0,21:28:17 2019-05-28
0,0,0,237772,82772,6126232,0,0,0,0,201,890,1,1,99,0,0,21:28:18 2019-05-28
0,0,0,237616,82780,6126236,0,0,0,24,188,1392,0,0,99,1,0,21:28:19 2019-05-28
0,0,0,237896,82780,6126240,0,0,0,0,185,876,1,0,99,0,0,21:28:20 2019-05-28
0,0,0,237772,82780,6126248,0,0,0,0,208,1123,1,0,99,0,0,21:28:21 2019-05-28
0,0,0,237740,82780,6126252,0,0,0,0,192,911,1,0,99,0,0,21:28:22 2019-05-28
0,0,0,237492,82780,6126256,0,0,0,0,222,1380,1,1,99,0,0,21:28:23 2019-05-28
0,0,0,237368,82788,6126260,0,0,0,16,193,931,1,0,99,0,0,21:28:24 2019-05-28
0,0,0,237276,82788,6126260,0,0,0,16,203,1052,0,1,99,0,0,21:28:25 2019-05-28
0,0,0,237264,82788,6126264,0,0,0,0,219,912,1,1,99,0,0,21:28:26 2019-05-28
0,0,0,237120,82788,6126268,0,0,0,0,236,1446,1,1,99,0,0,21:28:27 2019-05-28
0,0,0,236964,82788,6126272,0,0,0,0,203,1138,1,1,99,0,0,21:28:28 2019-05-28
0,0,0,236716,82796,6126276,0,0,0,28,191,1364,1,0,99,1,0,21:28:29 2019-05-28
0,0,0,236652,82796,6126280,0,0,0,0,183,903,1,1,99,0,0,21:28:30 2019-05-28
1,0,0,236436,82796,6126284,0,0,0,0,211,939,1,1,98,0,0,21:28:31 2019-05-28
0,0,0,236808,82796,6126288,0,0,0,0,193,1356,1,1,99,0,0,21:28:32 2019-05-28
0,0,0,236424,82796,6126292,0,0,0,0,203,1383,1,1,99,0,0,21:28:33 2019-05-28
0,0,0,236436,82804,6126296,0,0,0,16,197,1355,1,1,98,0,0,21:28:34 2019-05-28
0,0,0,236528,82804,6126300,0,0,0,0,195,1192,1,0,99,0,0,21:28:35 2019-05-28
0,0,0,236684,82804,6126304,0,0,0,0,172,908,1,0,99,0,0,21:28:36 2019-05-28
0,0,0,237304,82804,6126308,0,0,0,0,217,1375,1,1,99,0,0,21:28:37 2019-05-28
0,0,0,237180,82804,6126312,0,0,0,0,188,876,1,0,99,0,0,21:28:38 2019-05-28
0,0,0,237024,82812,6126316,0,0,0,16,222,1397,1,1,98,0,0,21:28:39 2019-05-28
0,0,0,237024,82812,6126320,0,0,0,0,206,1374,3,1,97,0,0,21:28:40 2019-05-28
0,0,0,237056,82812,6126324,0,0,0,0,199,1004,1,1,99,0,0,21:28:41 2019-05-28
0,0,0,236808,82812,6126328,0,0,0,0,202,1309,0,1,99,0,0,21:28:42 2019-05-28
0,0,0,237180,82812,6126332,0,0,0,0,192,877,1,0,99,0,0,21:28:43 2019-05-28
0,0,0,237244,82820,6126328,0,0,0,16,236,1381,1,0,99,0,0,21:28:44 2019-05-28
0,0,0,236684,82820,6126340,0,0,0,0,247,1366,1,1,99,0,0,21:28:45 2019-05-28
0,0,0,237304,82820,6126344,0,0,0,124,198,1371,1,0,99,0,0,21:28:46 2019-05-28
0,0,0,236776,82820,6126348,0,0,0,0,233,985,1,0,99,0,0,21:28:47 2019-05-28
0,0,0,237148,82820,6126352,0,0,0,0,211,1340,1,1,98,0,0,21:28:48 2019-05-28
0,0,0,236560,82828,6126356,0,0,0,24,200,1372,1,0,99,0,0,21:28:49 2019-05-28
0,0,0,236312,82828,6126360,0,0,0,0,192,1281,1,1,99,0,0,21:28:50 2019-05-28
0,0,0,236252,82828,6126368,0,0,0,0,227,1357,1,1,98,0,0,21:28:51 2019-05-28
1,0,0,236252,82828,6126372,0,0,0,0,184,906,0,0,99,0,0,21:28:52 2019-05-28
0,0,0,236096,82828,6126372,0,0,0,0,210,1358,1,0,98,0,0,21:28:53 2019-05-28
0,0,0,235940,82836,6126364,0,0,0,16,194,1308,1,0,99,0,0,21:28:54 2019-05-28
0,0,0,235816,82836,6126380,0,0,0,0,221,1351,1,1,99,0,0,21:28:56 2019-05-28
0,0,0,235816,82836,6126384,0,0,0,8,190,1339,1,0,99,0,0,21:28:57 2019-05-28
0,0,0,236156,82836,6126388,0,0,0,0,228,1403,1,0,99,0,0,21:28:58 2019-05-28
0,0,0,235380,82836,6126392,0,0,0,0,189,888,1,1,99,0,0,21:28:59 2019-05-28
1,0,0,234884,82844,6126384,0,0,0,28,228,1012,1,1,99,0,0,21:29:00 2019-05-28
0,0,0,235024,82844,6126404,0,0,0,0,209,1233,1,1,98,0,0,21:29:01 2019-05-28
0,0,0,235024,82844,6126412,0,0,0,20,218,1346,1,0,99,0,0,21:29:02 2019-05-28
0,0,0,235272,82844,6126416,0,0,0,0,194,911,1,1,99,0,0,21:29:03 2019-05-28
0,0,0,234280,82844,6126420,0,0,0,0,206,1393,1,1,99,0,0,21:29:04 2019-05-28
0,0,0,234124,82852,6126424,0,0,0,16,240,1346,1,0,99,0,0,21:29:05 2019-05-28
0,0,0,234744,82852,6126428,0,0,0,0,217,959,1,0,99,0,0,21:29:06 2019-05-28
0,0,0,234652,82852,6126432,0,0,0,0,199,1073,1,1,99,0,0,21:29:07 2019-05-28
0,0,0,235644,82852,6126436,0,0,0,0,245,1433,1,1,98,0,0,21:29:08 2019-05-28
0,0,0,235272,82852,6126440,0,0,0,0,185,850,1,0,99,0,0,21:29:09 2019-05-28
0,0,0,235024,82860,6126444,0,0,0,16,217,1362,1,1,99,0,0,21:29:10 2019-05-28
0,0,0,234344,82860,6126448,0,0,0,0,179,1391,1,1,99,0,0,21:29:11 2019-05-28
0,0,0,234344,82860,6126452,0,0,0,0,209,925,1,0,99,0,0,21:29:12 2019-05-28
0,0,0,234188,82860,6126456,0,0,0,0,180,1042,0,1,99,0,0,21:29:13 2019-05-28
1,0,0,233444,82860,6126460,0,0,0,0,218,1245,0,0,99,0,0,21:29:14 2019-05-28
0,0,0,233288,82868,6126464,0,0,0,16,219,964,1,0,99,0,0,21:29:15 2019-05-28
0,0,0,233568,82868,6126468,0,0,0,0,185,1379,1,0,99,0,0,21:29:16 2019-05-28
0,0,0,233660,82868,6126472,0,0,0,0,178,1393,1,1,99,0,0,21:29:17 2019-05-28
0,0,0,233412,82868,6126476,0,0,0,0,200,1379,1,0,99,0,0,21:29:18 2019-05-28
0,0,0,233412,82868,6126480,0,0,0,0,182,920,1,1,99,0,0,21:29:19 2019-05-28
0,0,0,233288,82876,6126484,0,0,0,16,208,1357,0,0,99,1,0,21:29:20 2019-05-28
0,0,0,233164,82876,6126488,0,0,0,0,200,1357,1,1,99,0,0,21:29:21 2019-05-28
0,0,0,232544,82876,6126488,0,0,0,0,195,958,1,0,99,0,0,21:29:22 2019-05-28
0,0,0,232764,82876,6126492,0,0,0,136,189,1378,1,0,99,0,0,21:29:23 2019-05-28
1,0,0,232636,82876,6126496,0,0,0,0,214,891,1,1,99,0,0,21:29:24 2019-05-28
0,0,0,232700,82884,6126500,0,0,0,24,224,1377,0,0,99,1,0,21:29:25 2019-05-28
0,0,0,232576,82884,6126504,0,0,0,0,208,1366,1,1,99,0,0,21:29:26 2019-05-28
0,0,0,232544,82884,6126508,0,0,0,0,206,1344,1,0,98,0,0,21:29:27 2019-05-28
0,0,0,231584,82884,6126516,0,0,0,8,213,934,1,1,99,0,0,21:29:28 2019-05-28
0,0,0,231460,82884,6126520,0,0,0,0,258,938,0,1,99,0,0,21:29:29 2019-05-28
0,0,0,231956,82892,6126520,0,0,0,28,204,1354,1,1,98,1,0,21:29:30 2019-05-28
0,0,0,232112,82892,6126528,0,0,0,0,207,1326,0,0,99,0,0,21:29:31 2019-05-28
0,0,0,232112,82892,6126532,0,0,0,0,204,987,1,1,99,0,0,21:29:32 2019-05-28
0,0,0,231772,82892,6126536,0,0,0,0,200,877,1,0,99,0,0,21:29:33 2019-05-28
0,0,0,233756,82892,6126540,0,0,0,0,220,1397,1,1,98,0,0,21:29:34 2019-05-28
1,0,0,233636,82900,6126540,0,0,0,16,190,906,1,0,99,0,0,21:29:35 2019-05-28
0,0,0,233788,82900,6126548,0,0,0,0,213,1372,1,1,99,0,0,21:29:36 2019-05-28
0,0,0,233916,82900,6126552,0,0,0,0,213,1362,1,1,99,0,0,21:29:37 2019-05-28
0,0,0,233788,82900,6126556,0,0,0,12,207,1389,1,0,99,0,0,21:29:38 2019-05-28
0,0,0,233664,82900,6126560,0,0,0,0,191,1305,1,0,99,0,0,21:29:39 2019-05-28
0,0,0,233664,82908,6126564,0,0,0,16,241,1430,1,0,98,1,0,21:29:40 2019-05-28
0,0,0,233416,82908,6126568,0,0,0,0,237,980,3,0,97,0,0,21:29:41 2019-05-28
0,0,0,233808,82908,6126568,0,0,0,0,198,896,0,1,99,0,0,21:29:42 2019-05-28
0,0,0,234004,82908,6126576,0,0,0,0,211,1383,1,1,99,0,0,21:29:43 2019-05-28
0,0,0,233724,82908,6126584,0,0,0,0,216,1381,0,1,99,0,0,21:29:44 2019-05-28
0,0,0,233476,82916,6126588,0,0,0,16,189,1349,0,0,99,0,0,21:29:45 2019-05-28
0,0,0,233476,82916,6126592,0,0,0,0,175,927,1,0,99,0,0,21:29:46 2019-05-28
0,0,0,233260,82916,6126596,0,0,0,0,168,1350,1,1,99,0,0,21:29:47 2019-05-28
0,0,0,233352,82916,6126600,0,0,0,0,214,920,1,0,99,0,0,21:29:48 2019-05-28
0,0,0,233228,82916,6126604,0,0,0,0,201,1042,1,1,99,0,0,21:29:49 2019-05-28
1,0,0,232576,82924,6126604,0,0,0,16,210,1052,1,1,99,0,0,21:29:50 2019-05-28
0,0,0,232484,82924,6126608,0,0,0,0,186,854,0,1,99,0,0,21:29:51 2019-05-28
0,0,0,232424,82924,6126612,0,0,0,0,222,997,1,1,99,0,0,21:29:52 2019-05-28
0,0,0,232516,82924,6126616,0,0,0,124,172,853,0,0,99,0,0,21:29:53 2019-05-28
0,0,0,232392,82924,6126620,0,0,0,0,199,889,0,1,99,0,0,21:29:54 2019-05-28
0,0,0,232144,82932,6126616,0,0,0,24,196,1357,1,0,99,1,0,21:29:55 2019-05-28
1,0,0,232052,82932,6126628,0,0,0,0,204,934,1,0,99,0,0,21:29:56 2019-05-28
0,0,0,232052,82932,6126632,0,0,0,0,193,893,1,1,99,0,0,21:29:57 2019-05-28
0,0,0,231896,82932,6126636,0,0,0,4,204,944,1,0,99,0,0,21:29:58 2019-05-28
0,0,0,231772,82932,6126640,0,0,0,0,182,1361,1,0,99,0,0,21:29:59 2019-05-28
0,0,0,231400,82940,6126644,0,0,0,16,218,950,1,1,98,1,0,21:30:00 2019-05-28
0,0,0,231680,82940,6126648,0,0,0,0,196,1329,1,0,99,0,0,21:30:01 2019-05-28
1,0,0,231772,82940,6126652,0,0,0,0,190,884,1,1,99,0,0,21:30:02 2019-05-28
0,0,0,231648,82940,6126660,0,0,0,0,197,1270,0,1,99,0,0,21:30:03 2019-05-28
0,0,0,231616,82940,6126664,0,0,0,0,197,1377,1,1,98,0,0,21:30:04 2019-05-28
0,0,0,231492,82948,6126668,0,0,0,16,212,899,1,0,99,0,0,21:30:05 2019-05-28
0,0,0,231340,82948,6126672,0,0,0,0,209,1359,1,1,99,0,0,21:30:06 2019-05-28
0,0,0,231772,82948,6126676,0,0,0,0,202,1345,1,1,99,0,0,21:30:07 2019-05-28
0,0,0,232484,82948,6126680,0,0,0,0,209,1405,1,0,98,0,0,21:30:08 2019-05-28
0,0,0,231956,82948,6126684,0,0,0,0,211,1343,1,1,99,0,0,21:30:09 2019-05-28
0,0,0,232452,82956,6126688,0,0,0,16,233,1370,2,1,97,0,0,21:30:10 2019-05-28
0,0,0,231552,82956,6126692,0,0,0,0,210,1401,1,0,98,0,0,21:30:11 2019-05-28
0,0,0,230900,82956,6126696,0,0,0,0,225,1367,1,1,99,0,0,21:30:12 2019-05-28
1,0,0,230372,82956,6126700,0,0,0,0,184,1305,1,0,99,0,0,21:30:13 2019-05-28
0,0,0,230496,82956,6126704,0,0,0,8,195,1354,0,1,99,0,0,21:30:14 2019-05-28
0,0,0,230124,82964,6126708,0,0,0,16,207,1312,1,1,99,0,0,21:30:15 2019-05-28
0,0,0,229844,82964,6126712,0,0,0,0,200,1364,1,1,99,0,0,21:30:16 2019-05-28
1,0,0,229812,82964,6126716,0,0,0,0,201,1360,1,0,99,0,0,21:30:17 2019-05-28
0,0,0,229472,82964,6126716,0,0,0,0,205,1354,0,0,100,0,0,21:30:18 2019-05-28
0,0,0,229472,82964,6126720,0,0,0,0,189,921,0,1,99,0,0,21:30:19 2019-05-28
0,0,0,229316,82972,6126724,0,0,0,16,186,1305,0,1,99,1,0,21:30:20 2019-05-28
0,0,0,229316,82972,6126724,0,0,0,0,212,1112,0,1,99,0,0,21:30:21 2019-05-28
0,0,0,229160,82972,6126732,0,0,0,0,215,1128,1,1,98,0,0,21:30:22 2019-05-28
0,0,0,229160,82972,6126736,0,0,0,0,181,1353,1,1,99,0,0,21:30:23 2019-05-28
0,0,0,229160,82972,6126740,0,0,0,124,220,1011,1,1,99,0,0,21:30:24 2019-05-28
0,0,0,229380,82980,6126748,0,0,0,24,191,1395,1,0,99,1,0,21:30:25 2019-05-28
0,0,0,229284,82980,6126752,0,0,0,0,177,1335,0,1,99,0,0,21:30:26 2019-05-28
0,0,0,229160,82980,6126756,0,0,0,0,193,1297,1,0,99,0,0,21:30:27 2019-05-28
0,0,0,229160,82980,6126756,0,0,0,0,213,921,1,1,99,0,0,21:30:28 2019-05-28
0,0,0,229036,82980,6126764,0,0,0,8,238,976,1,0,99,0,0,21:30:29 2019-05-28
0,0,0,228912,82988,6126764,0,0,0,28,222,1374,1,0,98,1,0,21:30:30 2019-05-28
0,0,0,228756,82988,6126772,0,0,0,0,200,1342,1,1,98,0,0,21:30:31 2019-05-28
0,0,0,228756,82988,6126776,0,0,0,0,191,912,1,0,99,0,0,21:30:32 2019-05-28
0,0,0,228632,82988,6126780,0,0,0,0,204,938,1,1,99,0,0,21:30:33 2019-05-28
0,0,0,230244,82988,6126784,0,0,0,0,230,1199,1,1,98,0,0,21:30:34 2019-05-28
0,0,0,230120,82996,6126788,0,0,0,16,191,1397,0,0,99,1,0,21:30:35 2019-05-28
0,0,0,230492,82996,6126792,0,0,0,0,217,1379,1,1,99,0,0,21:30:36 2019-05-28
0,0,0,229624,82996,6126796,0,0,0,0,190,1329,0,0,99,0,0,21:30:37 2019-05-28
2,0,0,229500,82996,6126796,0,0,0,0,190,903,1,1,99,0,0,21:30:38 2019-05-28
0,0,0,229684,82996,6126804,0,0,0,0,229,1311,1,0,99,0,0,21:30:39 2019-05-28
0,0,0,229684,83004,6126812,0,0,0,16,219,1361,0,1,99,1,0,21:30:40 2019-05-28
0,0,0,229404,83004,6126816,0,0,0,0,250,1402,3,0,97,0,0,21:30:41 2019-05-28
0,0,0,230148,83004,6126820,0,0,0,0,209,1117,1,0,99,0,0,21:30:42 2019-05-28
0,0,0,229156,83004,6126824,0,0,0,0,193,1333,1,1,99,0,0,21:30:43 2019-05-28
0,0,0,229156,83004,6126828,0,0,0,0,210,1369,1,1,99,0,0,21:30:44 2019-05-28
0,0,0,229000,83012,6126832,0,0,0,16,214,1338,0,1,98,1,0,21:30:45 2019-05-28
0,0,0,229496,83012,6126832,0,0,0,0,190,913,1,0,99,0,0,21:30:46 2019-05-28
0,0,0,230084,83012,6126836,0,0,0,0,194,917,1,0,99,0,0,21:30:47 2019-05-28
0,0,0,229712,83012,6126840,0,0,0,0,205,916,1,0,99,0,0,21:30:48 2019-05-28
0,0,0,229620,83012,6126844,0,0,0,0,194,905,1,1,98,0,0,21:30:49 2019-05-28
0,0,0,229496,83020,6126848,0,0,0,28,224,1368,1,0,99,0,0,21:30:50 2019-05-28
0,0,0,229808,83020,6126852,0,0,0,0,201,1361,1,1,99,0,0,21:30:51 2019-05-28
1,0,0,228940,83020,6126852,0,0,0,0,212,1335,1,1,99,0,0,21:30:52 2019-05-28
0,0,0,229032,83020,6126860,0,0,0,0,205,1378,1,1,99,0,0,21:30:53 2019-05-28
0,0,0,228908,83020,6126864,0,0,0,0,208,1388,1,0,99,0,0,21:30:54 2019-05-28
0,0,0,228444,83028,6126868,0,0,0,140,197,1367,0,1,99,1,0,21:30:55 2019-05-28
0,0,0,227792,83028,6126872,0,0,0,0,235,1362,1,0,98,0,0,21:30:56 2019-05-28
0,0,0,227516,83028,6126876,0,0,0,0,214,943,1,1,99,0,0,21:30:57 2019-05-28
0,0,0,227640,83028,6126876,0,0,0,0,221,1439,1,0,99,0,0,21:30:58 2019-05-28
1,0,0,227640,83028,6126884,0,0,0,0,199,1374,1,0,99,0,0,21:30:59 2019-05-28
0,0,0,227100,83036,6126892,0,0,0,32,210,1412,1,1,98,1,0,21:31:00 2019-05-28
0,0,0,226928,83036,6126896,0,0,0,0,194,1377,1,0,99,0,0,21:31:01 2019-05-28
0,0,0,226896,83036,6126896,0,0,0,0,194,1317,1,0,99,0,0,21:31:02 2019-05-28
0,0,0,227392,83036,6126904,0,0,0,0,210,1376,1,1,99,0,0,21:31:03 2019-05-28
0,0,0,226524,83036,6126908,0,0,0,0,195,1046,1,1,98,0,0,21:31:04 2019-05-28
0,0,0,226028,83044,6126908,0,0,0,28,213,1329,1,0,99,0,0,21:31:05 2019-05-28
0,0,0,226244,83044,6126916,0,0,0,0,212,1302,1,1,99,0,0,21:31:06 2019-05-28
0,0,0,226276,83044,6126920,0,0,0,0,194,1282,1,1,99,0,0,21:31:07 2019-05-28
0,0,0,227144,83044,6126924,0,0,0,0,200,952,1,0,99,0,0,21:31:08 2019-05-28
0,0,0,227516,83044,6126932,0,0,0,0,193,932,0,0,99,0,0,21:31:09 2019-05-28
0,0,0,227360,83052,6126932,0,0,0,16,192,1291,1,0,99,1,0,21:31:10 2019-05-28
0,0,0,227268,83052,6126932,0,0,0,0,195,961,1,1,99,0,0,21:31:11 2019-05-28
0,0,0,226616,83052,6126944,0,0,0,0,195,1286,1,1,99,0,0,21:31:12 2019-05-28
0,0,0,226460,83052,6126948,0,0,0,0,196,920,1,0,99,0,0,21:31:13 2019-05-28
0,0,0,226428,83052,6126948,0,0,0,0,212,1354,1,1,98,0,0,21:31:14 2019-05-28
0,0,0,226180,83060,6126952,0,0,0,16,215,1335,1,0,99,0,0,21:31:15 2019-05-28
0,0,0,226148,83060,6126956,0,0,0,0,185,917,1,1,99,0,0,21:31:16 2019-05-28
0,0,0,226056,83060,6126960,0,0,0,0,198,1356,1,0,99,0,0,21:31:17 2019-05-28
0,0,0,226304,83060,6126968,0,0,0,0,220,972,1,1,99,0,0,21:31:18 2019-05-28
1,0,0,226180,83060,6126968,0,0,0,0,197,1319,1,1,99,0,0,21:31:19 2019-05-28
1,0,0,225188,83068,6126976,0,0,0,40,199,1392,1,0,99,1,0,21:31:20 2019-05-28
0,0,0,224412,83068,6126980,0,0,0,0,192,1344,1,0,99,0,0,21:31:21 2019-05-28
0,0,0,224412,83068,6126984,0,0,0,0,210,1391,1,1,99,0,0,21:31:22 2019-05-28
0,0,0,224008,83068,6126988,0,0,0,0,184,1333,1,0,99,0,0,21:31:23 2019-05-28
0,0,0,223976,83068,6126992,0,0,0,0,192,1358,1,1,99,0,0,21:31:24 2019-05-28
0,0,0,224316,83076,6126996,0,0,0,16,220,1274,1,1,98,1,0,21:31:25 2019-05-28
0,0,0,224408,83076,6127000,0,0,0,0,198,1338,1,1,99,0,0,21:31:26 2019-05-28
0,0,0,224904,83076,6127004,0,0,0,0,204,1340,0,1,99,0,0,21:31:27 2019-05-28
0,0,0,223820,83076,6127008,0,0,0,0,214,1431,1,1,99,0,0,21:31:28 2019-05-28
0,0,0,223448,83076,6127012,0,0,0,0,199,1303,1,1,99,0,0,21:31:29 2019-05-28
1,0,0,223108,83084,6127016,0,0,0,16,217,1397,1,1,98,1,0,21:31:30 2019-05-28
0,0,0,223076,83084,6127020,0,0,0,148,243,1396,1,1,99,0,0,21:31:31 2019-05-28
0,0,0,223108,83084,6127024,0,0,0,0,188,1305,1,1,99,0,0,21:31:32 2019-05-28
0,0,0,222984,83084,6127024,0,0,0,0,192,899,1,1,99,0,0,21:31:33 2019-05-28
0,0,0,223944,83084,6127032,0,0,0,0,183,924,1,0,99,0,0,21:31:34 2019-05-28
0,0,0,224036,83092,6127036,0,0,0,28,192,1368,0,1,99,0,0,21:31:35 2019-05-28
0,0,0,223788,83092,6127036,0,0,0,0,191,1311,1,0,99,0,0,21:31:36 2019-05-28
0,0,0,223820,83092,6127044,0,0,0,0,224,1322,1,1,99,0,0,21:31:37 2019-05-28
0,0,0,226332,83092,6127048,0,0,0,0,186,891,1,0,99,0,0,21:31:38 2019-05-28
0,0,0,225588,83092,6127052,0,0,0,0,196,911,1,0,99,0,0,21:31:39 2019-05-28
0,0,0,225216,83100,6127052,0,0,0,16,232,1362,1,0,99,0,0,21:31:40 2019-05-28
1,0,0,225868,83100,6127060,0,0,0,0,257,1409,3,0,97,0,0,21:31:41 2019-05-28
1,0,0,225900,83100,6127060,0,0,0,0,188,1330,1,0,99,0,0,21:31:42 2019-05-28
0,0,0,226116,83100,6127064,0,0,0,0,181,879,1,0,99,0,0,21:31:43 2019-05-28
0,0,0,226272,83100,6127068,0,0,0,0,192,1251,0,1,99,0,0,21:31:44 2019-05-28
0,0,0,226304,83108,6127072,0,0,0,16,207,1292,1,0,98,0,0,21:31:45 2019-05-28
0,0,0,225560,83108,6127076,0,0,0,0,175,933,1,0,99,0,0,21:31:46 2019-05-28
0,0,0,225436,83108,6127080,0,0,0,0,226,1315,1,0,99,0,0,21:31:47 2019-05-28
0,0,0,225840,83108,6127084,0,0,0,0,196,1325,1,1,99,0,0,21:31:48 2019-05-28
0,0,0,225716,83108,6127088,0,0,0,0,207,1334,0,1,99,0,0,21:31:49 2019-05-28
0,0,0,225532,83116,6127084,0,0,0,16,197,893,1,0,99,0,0,21:31:50 2019-05-28
0,0,0,225532,83116,6127096,0,0,0,4,199,890,1,0,99,0,0,21:31:51 2019-05-28
0,0,0,225564,83116,6127100,0,0,0,0,206,909,1,1,99,0,0,21:31:52 2019-05-28
0,0,0,224820,83116,6127104,0,0,0,0,203,1338,1,1,99,0,0,21:31:53 2019-05-28
0,0,0,225132,83116,6127112,0,0,0,0,199,1098,1,1,99,0,0,21:31:54 2019-05-28
0,0,0,225876,83124,6127116,0,0,0,16,195,1348,0,0,99,1,0,21:31:55 2019-05-28
0,0,0,225568,83124,6127120,0,0,0,12,221,893,1,0,99,0,0,21:31:56 2019-05-28
0,0,0,225196,83124,6127124,0,0,0,0,199,1342,1,0,99,0,0,21:31:57 2019-05-28
0,0,0,224204,83124,6127128,0,0,0,0,208,935,1,1,99,0,0,21:31:58 2019-05-28
0,0,0,224236,83124,6127132,0,0,0,0,194,1010,1,0,99,0,0,21:31:59 2019-05-28
0,0,0,223308,83132,6127140,0,0,0,16,210,1377,1,0,99,1,0,21:32:00 2019-05-28
0,0,0,223796,83132,6127144,0,0,0,124,190,901,1,1,99,0,0,21:32:01 2019-05-28
1,0,0,223712,83132,6127148,0,0,0,0,216,977,1,1,99,0,0,21:32:02 2019-05-28
0,0,0,223620,83132,6127152,0,0,0,0,187,1325,1,1,99,0,0,21:32:03 2019-05-28
0,0,0,223620,83132,6127156,0,0,0,0,209,932,1,1,98,0,0,21:32:04 2019-05-28
